OID_,Join_Count,TARGET_FID,OBSPRED_ID,COMID,Length_KM,From_Node,To_Node,BarrierName,BarrierType,StreamName,Source,SourceID,Lat,Lon,Mitigated,YearMitigated,Pass_NABD,Pass_Before,Pass_After
1,0,1,103651,4474429,1.500211719093239,1,2,,,,,,,,,,,,
2,0,2,103652,4474429,0.999475155341993,2,3,,,,,,,,,,,,
3,0,3,103653,4474429,1.000789685478656,3,4,,,,,,,,,,,,
4,0,4,103654,4474429,1.000085484968314,4,5,,,,,,,,,,,,
5,0,5,103655,4474429,1.000230608430068,5,6,,,,,,,,,,,,
6,0,6,103656,4474429,0.637972050799839,6,7,,,,,,,,,,,,
7,0,7,103664,4473433,0.557678526910191,8,9,,,,,,,,,,,,
8,0,8,103810,4474427,1.500302581882950,10,11,,,,,,,,,,,,
9,0,9,103811,4474427,0.999700585290079,11,12,,,,,,,,,,,,
10,0,10,103812,4474427,1.000474889792762,12,13,,,,,,,,,,,,
11,0,11,103813,4474427,0.727427721685614,13,7,,,,,,,,,,,,
12,0,12,103899,4474425,1.485044799415354,14,15,,,,,,,,,,,,
13,0,13,103991,4473425,1.499271967799168,15,16,,,,,,,,,,,,
14,0,14,103992,4473425,0.999758308789861,16,17,,,,,,,,,,,,
15,0,15,103993,4473425,0.923286667330636,17,18,,,,,,,,,,,,
16,0,16,104049,4473419,1.500540973789857,7,19,,,,,,,,,,,,
17,0,17,104050,4473419,1.000552917028145,19,20,,,,,,,,,,,,
18,0,18,104051,4473419,0.505454949766499,20,21,,,,,,,,,,,,
19,0,19,104096,4473415,1.498834996362360,22,23,,,,,,,,,,,,
20,0,20,104097,4473415,1.015768921812227,23,18,,,,,,,,,,,,
21,0,21,104126,4473413,1.461375019842592,18,21,,,,,,,,,,,,
22,0,22,104130,4473411,1.229956524808075,24,25,,,,,,,,,,,,
23,0,23,104159,4473423,1.501165481571068,26,27,,,,,,,,,,,,
24,0,24,104160,4473423,0.859199545731345,27,15,,,,,,,,,,,,
25,0,25,104173,4473409,1.499022462471194,28,29,,,,,,,,,,,,
26,0,26,104174,4473409,1.000052479772495,29,30,,,,,,,,,,,,
27,0,27,104175,4473409,1.232509403695371,30,31,,,,,,,,,,,,
28,0,28,104187,4473401,1.499409048334526,32,33,,,,,,,,,,,,
29,0,29,104188,4473401,0.999304318484863,33,34,,,,,,,,,,,,
30,0,30,104189,4473401,0.999318780516059,34,35,,,,,,,,,,,,
31,0,31,104190,4473401,0.839162340098778,35,31,,,,,,,,,,,,
32,0,32,104228,4473397,1.399262934646213,21,36,,,,,,,,,,,,
33,0,33,104293,4474479,0.731335825568182,31,36,,,,,,,,,,,,
34,0,34,104313,4473383,1.500495935160649,36,37,,,,,,,,,,,,
35,0,35,104314,4473383,1.000418855482421,37,38,,,,,,,,,,,,
36,0,36,104315,4473383,1.000245184799121,38,39,,,,,,,,,,,,
37,0,37,104316,4473383,0.852104753427775,39,40,,,,,,,,,,,,
38,0,38,104474,4473373,1.499442293691600,41,42,,,,,,,,,,,,
39,0,39,104475,4473373,0.999943869435695,42,43,,,,,,,,,,,,
40,0,40,104476,4473373,1.276650634952265,43,40,,,,,,,,,,,,
41,0,41,104584,4473367,1.499851295956476,40,44,,,,,,,,,,,,
42,0,42,104585,4473359,1.000180283765153,44,45,,,,,,,,,,,,
43,0,43,104586,4473359,1.000037523110485,45,46,,,,,,,,,,,,
44,0,44,104587,4473359,0.677327589763700,46,47,,,,,,,,,,,,
45,0,45,104783,4473349,1.498942236428386,48,49,,,,,,,,,,,,
46,0,46,104784,4473353,0.999315392405753,49,50,,,,,,,,,,,,
47,0,47,104785,4473353,0.999387048260726,50,51,,,,,,,,,,,,
48,0,48,104786,4473353,1.447426849502190,51,52,,,,,,,,,,,,
49,1,49,104794,4473351,0.026460263093605,53,54,Water diversion,Dam,Big Spring Creek,National Aquatic Barrier Dataset (SARP),UT84701,41.838700000000003,-111.328963999999999,no,0,Complete barrier,0.000000000000000,0.000000000000000
50,0,50,104794,4473351,1.519783819090011,54,55,,,,,,,,,,,,
51,0,51,104831,4473345,1.499451500031406,52,56,,,,,,,,,,,,
52,0,52,104832,4473345,1.185967889539058,56,57,,,,,,,,,,,,
53,0,53,104876,4473347,1.498985009157622,58,59,,,,,,,,,,,,
54,0,54,104877,4473347,0.999495661677731,59,60,,,,,,,,,,,,
55,0,55,104878,4473347,0.999452901277385,60,61,,,,,,,,,,,,
56,0,56,104879,4473347,0.999502836191075,61,62,,,,,,,,,,,,
57,0,57,104880,4473347,1.067551497346061,62,52,,,,,,,,,,,,
58,0,58,104905,4473343,1.499587350955257,57,63,,,,,,,,,,,,
59,0,59,104906,4473343,0.999318953638462,63,64,,,,,,,,,,,,
60,0,60,104907,4473343,0.999323290725455,64,65,,,,,,,,,,,,
61,0,61,104908,4473343,0.576633632407929,65,66,,,,,,,,,,,,
62,0,62,104909,4473341,0.025661649960632,67,57,,,,,,,,,,,,
63,0,63,104964,4473339,1.498911754825377,68,69,,,,,,,,,,,,
64,0,64,104965,4473339,0.999640958361130,69,70,,,,,,,,,,,,
65,0,65,104966,4473339,0.999253706468917,70,71,,,,,,,,,,,,
66,0,66,104967,4473339,0.999505180391040,71,72,,,,,,,,,,,,
67,0,67,104968,4473339,0.999488222150974,72,73,,,,,,,,,,,,
68,0,68,104969,4473339,0.999717216898779,73,74,,,,,,,,,,,,
69,0,69,104970,4473339,0.999713536925384,74,75,,,,,,,,,,,,
70,0,70,104971,4473339,0.884187325928694,75,67,,,,,,,,,,,,
71,0,71,104997,4473337,1.950260229355838,76,67,,,,,,,,,,,,
72,0,72,105000,4473335,0.456056249943358,77,76,,,,,,,,,,,,
73,0,73,105074,4473331,1.499280356926646,78,79,,,,,,,,,,,,
74,0,74,105075,4473331,0.999750405563995,79,80,,,,,,,,,,,,
75,0,75,105076,4473331,1.000384875121595,80,81,,,,,,,,,,,,
76,0,76,105077,4473311,1.000650896299164,81,82,,,,,,,,,,,,
77,0,77,105078,4473311,1.239677739746146,82,83,,,,,,,,,,,,
78,0,78,105098,4473325,1.500072870981454,84,85,,,,,,,,,,,,
79,0,79,105099,4474419,1.000069251706412,85,86,,,,,,,,,,,,
80,0,80,105100,4474419,1.000065078292255,86,87,,,,,,,,,,,,
81,0,81,105101,4474419,1.000618520179120,87,88,,,,,,,,,,,,
82,0,82,105102,4474419,1.000110920618265,88,89,,,,,,,,,,,,
83,0,83,105103,4474419,0.829974707959214,89,90,,,,,,,,,,,,
84,0,84,105113,4473329,1.499458767117336,91,92,,,,,,,,,,,,
85,0,85,105114,4473329,1.112929956687252,92,93,,,,,,,,,,,,
86,0,86,105116,4473327,1.499220930343814,94,95,,,,,,,,,,,,
87,0,87,105117,4473327,1.040949523255882,95,96,,,,,,,,,,,,
88,0,88,105133,4473315,1.656550199048396,97,91,,,,,,,,,,,,
89,0,89,105152,4473317,1.500257199906292,98,99,,,,,,,,,,,,
90,0,90,105153,4473305,1.000709273660066,99,100,,,,,,,,,,,,
91,0,91,105154,4473305,0.738622945589313,100,83,,,,,,,,,,,,
92,0,92,105178,4473313,1.499754730253084,101,102,,,,,,,,,,,,
93,0,93,105179,4473313,0.521136312091953,102,91,,,,,,,,,,,,
94,0,94,105190,4473319,1.499008255147481,103,104,,,,,,,,,,,,
95,0,95,105191,4473319,0.999554318292042,104,105,,,,,,,,,,,,
96,0,96,105192,4473319,1.000291259919747,105,106,,,,,,,,,,,,
97,0,97,105193,4473333,1.000279296757748,106,107,,,,,,,,,,,,
98,0,98,105194,4473333,0.801655935045536,107,76,,,,,,,,,,,,
99,0,99,105219,4473309,1.500515573009699,108,109,,,,,,,,,,,,
100,0,100,105220,4473303,0.896229786212782,109,110,,,,,,,,,,,,
101,0,101,105289,4473297,1.499574643237568,111,112,,,,,,,,,,,,
102,0,102,105290,4473297,0.999870505048899,112,113,,,,,,,,,,,,
103,0,103,105291,4473297,0.999358656838880,113,114,,,,,,,,,,,,
104,0,104,105292,4473297,0.999419430408739,114,115,,,,,,,,,,,,
105,0,105,105293,4473297,1.000061714649076,115,116,,,,,,,,,,,,
106,0,106,105294,4473297,0.999508311517036,116,117,,,,,,,,,,,,
107,0,107,105295,4473297,0.999434138326598,117,118,,,,,,,,,,,,
108,0,108,105296,4473285,1.000048093512059,118,119,,,,,,,,,,,,
109,0,109,105297,4473285,1.000240004042210,119,120,,,,,,,,,,,,
110,0,110,105298,4473285,1.000004926350481,120,121,,,,,,,,,,,,
111,0,111,105299,4473285,0.809222162995786,121,122,,,,,,,,,,,,
112,0,112,105347,4473299,0.372416943012580,83,110,,,,,,,,,,,,
113,0,113,105363,4473291,1.500168598777335,123,124,,,,,,,,,,,,
114,0,114,105364,4473291,0.999430750584311,124,125,,,,,,,,,,,,
115,0,115,105365,4473287,0.999373106791168,125,126,,,,,,,,,,,,
116,0,116,105366,4473287,0.819798238166892,126,127,,,,,,,,,,,,
117,0,117,105377,4473293,0.833405284609775,110,127,,,,,,,,,,,,
118,0,118,105381,4473281,1.499851224759151,128,129,,,,,,,,,,,,
119,0,119,105382,4473277,1.000467822086970,129,130,,,,,,,,,,,,
120,0,120,105383,4473277,1.000157055292541,130,131,,,,,,,,,,,,
121,0,121,105384,4473277,0.999749237035451,131,132,,,,,,,,,,,,
122,0,122,105385,4473277,0.999591944660607,132,133,,,,,,,,,,,,
123,0,123,105386,4473247,0.999453068316116,133,134,,,,,,,,,,,,
124,0,124,105387,4473247,1.212948096302644,134,135,,,,,,,,,,,,
125,1,125,105431,4473289,0.476242850030318,127,136,South Eden,Dam,South Eden Canyon,National Aquatic Barrier Dataset (SARP),UT83831,41.916916000000001,-111.220960000000005,no,0,Unknown,0.000000000000000,0.000000000000000
126,0,126,105431,4473289,1.022915311271933,136,137,,,,,,,,,,,,
127,0,127,105432,4473289,1.329342260189611,137,90,,,,,,,,,,,,
128,0,128,105436,4474417,1.499546925085299,90,138,,,,,,,,,,,,
129,0,129,105437,4474417,1.153134899266273,138,139,,,,,,,,,,,,
130,0,130,105461,4473273,1.499857467170657,140,141,,,,,,,,,,,,
131,0,131,105462,4473273,0.999445386155694,141,142,,,,,,,,,,,,
132,0,132,105463,4473273,1.095790272797820,142,122,,,,,,,,,,,,
133,0,133,105468,4473275,1.199781540742136,139,143,,,,,,,,,,,,
134,0,134,105482,4473279,1.499372546263085,144,145,,,,,,,,,,,,
135,0,135,105483,4473279,1.002661898403752,145,146,,,,,,,,,,,,
136,0,136,105543,4473267,1.500768639294545,147,148,,,,,,,,,,,,
137,0,137,105544,4473267,1.000544470502503,148,149,,,,,,,,,,,,
138,0,138,105545,4473267,1.000714503437012,149,150,,,,,,,,,,,,
139,0,139,105546,4473267,0.893641429154530,150,151,,,,,,,,,,,,
140,0,140,105547,4473269,0.779670955760340,146,152,,,,,,,,,,,,
141,0,141,105560,4473255,1.781812514589019,122,135,,,,,,,,,,,,
142,0,142,105569,4474415,1.499174733349883,153,154,,,,,,,,,,,,
143,0,143,105570,4474415,0.999949752221334,154,155,,,,,,,,,,,,
144,0,144,105571,4474415,0.612589437634142,155,139,,,,,,,,,,,,
145,0,145,105582,4473257,1.499544329259268,156,157,,,,,,,,,,,,
146,0,146,105583,4473245,0.558710856179240,157,158,,,,,,,,,,,,
147,0,147,105597,4473261,1.499635890204001,152,159,,,,,,,,,,,,
148,0,148,105598,4473261,0.999705194606414,159,160,,,,,,,,,,,,
149,0,149,105599,4473261,0.999669678262775,160,161,,,,,,,,,,,,
150,0,150,105600,4473261,1.000311002838097,161,162,,,,,,,,,,,,
151,0,151,105601,4473261,1.000508021636662,162,163,,,,,,,,,,,,
152,0,152,105602,4473233,1.000554068413137,163,164,,,,,,,,,,,,
153,0,153,105603,4473233,0.921111208026354,164,165,,,,,,,,,,,,
154,0,154,105605,4473271,1.499281437522762,166,167,,,,,,,,,,,,
155,0,155,105606,4473271,1.113082471830003,167,146,,,,,,,,,,,,
156,0,156,105629,4473263,1.499269842515141,168,169,,,,,,,,,,,,
157,0,157,105630,4473263,1.317228800507991,169,152,,,,,,,,,,,,
158,0,158,105634,4474475,1.581665909350019,135,170,,,,,,,,,,,,
159,0,159,105635,4473253,1.499219728910319,171,172,,,,,,,,,,,,
160,0,160,105636,4473253,0.999981854716208,172,173,,,,,,,,,,,,
161,0,161,105637,4473253,1.000477267602915,173,174,,,,,,,,,,,,
162,0,162,105638,4473253,1.000656672895829,174,175,,,,,,,,,,,,
163,0,163,105639,4473253,1.130812467359518,175,176,,,,,,,,,,,,
164,0,164,105643,4473251,1.561698920787733,177,158,,,,,,,,,,,,
165,0,165,105648,4473265,1.499636509279238,178,179,,,,,,,,,,,,
166,0,166,105649,4473265,0.999701177352940,179,180,,,,,,,,,,,,
167,0,167,105650,4473265,1.260795412744464,180,153,,,,,,,,,,,,
168,0,168,105672,4473243,1.576668412804259,158,181,,,,,,,,,,,,
169,0,169,105673,4473241,1.499892119481543,182,183,,,,,,,,,,,,
170,0,170,105674,4473241,0.795074157368164,183,181,,,,,,,,,,,,
171,0,171,105675,4473237,1.499208979151777,184,185,,,,,,,,,,,,
172,0,172,105676,4473237,0.999361708337207,185,186,,,,,,,,,,,,
173,0,173,105677,4473237,0.999483190105024,186,187,,,,,,,,,,,,
174,0,174,105678,4473237,0.973700765957360,187,170,,,,,,,,,,,,
175,0,175,105696,4473259,1.500381941190372,188,189,,,,,,,,,,,,
176,0,176,105697,4473259,0.737838777000661,189,153,,,,,,,,,,,,
177,0,177,105700,4473249,1.499575029798292,190,191,,,,,,,,,,,,
178,0,178,105701,4473249,0.999741423809127,191,192,,,,,,,,,,,,
179,0,179,105702,4473249,1.000523149079739,192,193,,,,,,,,,,,,
180,0,180,105703,4473249,1.235104561876002,193,194,,,,,,,,,,,,
181,0,181,105723,4473235,1.500173036904608,195,196,,,,,,,,,,,,
182,0,182,105724,4473229,1.000397832503964,196,197,,,,,,,,,,,,
183,0,183,105725,4473229,1.231939079531928,197,198,,,,,,,,,,,,
184,0,184,105734,4473231,0.546059170623239,170,199,,,,,,,,,,,,
185,0,185,105801,4473225,0.454586767073799,181,151,,,,,,,,,,,,
186,0,186,105802,4473221,1.500079111486851,200,201,,,,,,,,,,,,
187,0,187,105803,4473221,1.072654561039025,201,202,,,,,,,,,,,,
188,0,188,105832,4473217,1.500707541090111,151,203,,,,,,,,,,,,
189,0,189,105833,4473217,1.041271136778872,203,204,,,,,,,,,,,,
190,0,190,105845,4473213,1.378746016212249,194,176,,,,,,,,,,,,
191,0,191,105852,4473219,1.499094578201474,205,206,,,,,,,,,,,,
192,0,192,105853,4473219,1.004758057740921,206,194,,,,,,,,,,,,
193,0,193,105883,4473201,1.499260295210120,207,208,,,,,,,,,,,,
194,0,194,105884,4473201,0.999844707197639,208,209,,,,,,,,,,,,
195,1,195,105885,4473201,1.338276875362639,209,210,Water diversion,Dam,,National Aquatic Barrier Dataset (SARP),UT86836,41.984389999999998,-111.428039999999996,no,0,Unknown,0.000000000000000,0.000000000000000
196,0,196,105885,4473201,0.103589840167147,210,211,,,,,,,,,,,,
197,1,197,105886,4473189,1.053311160332441,211,212,Swan,Diversion,Swan Creek,Trout Unlimited (TU),TU_DIV_SW-01,41.984859999999998,-111.415887999999995,No,NA,Partial passability,0.500000000000000,1.000000000000000
198,0,198,105886,4473189,0.725566383579501,212,213,,,,,,,,,,,,
199,0,199,105887,4473209,0.948689990518974,176,165,,,,,,,,,,,,
200,0,200,105899,4473199,0.974032185444135,202,214,,,,,,,,,,,,
201,0,201,105904,4473185,1.500267405636434,165,215,,,,,,,,,,,,
202,0,202,105905,4473185,0.548250594996840,215,216,,,,,,,,,,,,
203,0,203,105907,4473205,1.762180538290085,217,202,,,,,,,,,,,,
204,0,204,105908,4473195,0.262624852014834,198,217,,,,,,,,,,,,
205,1,205,105931,4474413,1.360032614033561,218,219,North Cisco Road,Culvert,North Eden Creek,Trout Unlimited (TU),TU_CUL_NE-01,41.987087000000002,-111.264432999999997,yes,2025,NA,0.000000000000000,1.000000000000000
206,0,206,105931,4474413,0.139092732919939,219,220,,,,,,,,,,,,
207,0,207,105932,4474413,0.729285585976295,220,221,,,,,,,,,,,,
208,0,208,105933,4473183,0.256661906487716,222,218,,,,,,,,,,,,
209,0,209,105942,4473193,1.499281523514077,204,223,,,,,,,,,,,,
210,0,210,105943,4473193,0.594792440972259,223,198,,,,,,,,,,,,
211,0,211,105944,4473165,1.499469894560505,224,225,,,,,,,,,,,,
212,0,212,105945,4473165,0.999639778399437,225,226,,,,,,,,,,,,
213,0,213,105946,4473165,1.018568742019870,226,227,,,,,,,,,,,,
214,0,214,105954,4473187,1.704301529872182,227,211,,,,,,,,,,,,
215,0,215,105955,4473179,0.526967325470699,228,204,,,,,,,,,,,,
216,0,216,105964,4473171,1.224519917286341,216,229,,,,,,,,,,,,
217,0,217,105968,4471267,1.499145505044060,230,231,,,,,,,,,,,,
218,0,218,105969,4471267,0.999329785326577,231,232,,,,,,,,,,,,
219,0,219,105970,4471267,1.395931673855322,232,233,,,,,,,,,,,,
220,0,220,105971,4473177,1.499806208350616,234,235,,,,,,,,,,,,
221,0,221,105972,4473177,0.595440277162933,235,216,,,,,,,,,,,,
222,0,222,105973,4473175,1.308257669302833,229,228,,,,,,,,,,,,
223,0,223,105985,4473159,0.953016402311576,233,227,,,,,,,,,,,,
224,0,224,106021,4473197,1.500064751188358,236,237,,,,,,,,,,,,
225,0,225,106022,4473197,1.051982344590852,237,217,,,,,,,,,,,,
226,0,226,106052,4471257,1.499132791270311,238,239,,,,,,,,,,,,
227,0,227,106053,4471257,1.347171389184118,239,240,,,,,,,,,,,,
228,0,228,106058,4471273,1.499994330977781,241,242,,,,,,,,,,,,
229,0,229,106059,4473173,1.000038993555222,242,243,,,,,,,,,,,,
230,0,230,106060,4473173,0.545370520150956,243,228,,,,,,,,,,,,
231,0,231,106082,4471249,0.434526886882231,244,240,,,,,,,,,,,,
232,0,232,106092,4471261,1.345026723602119,240,233,,,,,,,,,,,,
233,0,233,106104,4471259,1.030742742123921,245,246,,,,,,,,,,,,
234,0,234,106116,4471275,1.500623580590019,247,248,,,,,,,,,,,,
235,0,235,106117,4473163,0.642187511198557,248,229,,,,,,,,,,,,
236,0,236,106127,4471279,1.499711034350426,249,250,,,,,,,,,,,,
237,0,237,106128,4471279,0.999684550581284,250,251,,,,,,,,,,,,
238,0,238,106129,4471279,1.000161963647017,251,252,,,,,,,,,,,,
239,0,239,106130,4473167,0.506800209533200,252,234,,,,,,,,,,,,
240,0,240,106145,4471263,1.500363716697461,253,254,,,,,,,,,,,,
241,0,241,106146,4471265,1.000170947094886,254,255,,,,,,,,,,,,
242,0,242,106147,4473169,0.524424934852715,255,234,,,,,,,,,,,,
243,0,243,106150,4471227,1.499471596896044,256,257,,,,,,,,,,,,
244,0,244,106151,4471223,0.999485225874453,257,258,,,,,,,,,,,,
245,0,245,106152,4471223,0.999582554373282,258,259,,,,,,,,,,,,
246,0,246,106153,4471223,0.607103267598603,259,260,,,,,,,,,,,,
247,0,247,106157,4471251,0.561268395233773,261,247,,,,,,,,,,,,
248,0,248,106163,4471253,1.113495615672974,262,247,,,,,,,,,,,,
249,0,249,106164,4471245,0.611106297254268,263,253,,,,,,,,,,,,
250,0,250,106184,4471243,1.499289359547719,264,265,,,,,,,,,,,,
251,0,251,106185,4471243,1.182549731679598,265,263,,,,,,,,,,,,
252,0,252,106186,4471271,1.500114426253667,266,267,,,,,,,,,,,,
253,0,253,106187,4471271,0.999910877766857,267,268,,,,,,,,,,,,
254,0,254,106188,4471271,0.999967041770460,268,269,,,,,,,,,,,,
255,0,255,106189,4471271,0.999924225873193,269,270,,,,,,,,,,,,
256,0,256,106190,4473181,1.000340569001147,270,271,,,,,,,,,,,,
257,0,257,106191,4473181,0.692182973256240,271,218,,,,,,,,,,,,
258,0,258,106206,4472215,1.499613577025909,272,273,,,,,,,,,,,,
259,0,259,106207,4472215,0.999418681167876,273,274,,,,,,,,,,,,
260,0,260,106208,4472215,0.676888434408413,274,275,,,,,,,,,,,,
261,0,261,106218,4471217,1.499030282534327,276,277,,,,,,,,,,,,
262,0,262,106219,4471217,1.144761692328568,277,260,,,,,,,,,,,,
263,0,263,106234,4471215,1.885095291761947,260,278,,,,,,,,,,,,
264,1,264,106237,4471235,1.006071597933088,279,280,Estimated dam,Dam,,National Aquatic Barrier Dataset (SARP),ID427,42.026153999999998,-111.199393999999998,no,0,Unknown,0.000000000000000,0.000000000000000
265,0,265,106237,4471235,0.493424374999146,280,281,,,,,,,,,,,,
266,1,266,106238,4471235,0.337569748024078,281,282,Estimated dam,Dam,,National Aquatic Barrier Dataset (SARP),ID435,42.021259999999998,-111.193565000000007,no,0,Unknown,0.000000000000000,0.000000000000000
267,0,267,106238,4471235,0.662486662665994,282,283,,,,,,,,,,,,
268,0,268,106239,4471235,0.754234444770024,283,262,,,,,,,,,,,,
269,0,269,106249,4471229,1.500232940604654,284,285,,,,,,,,,,,,
270,0,270,106250,4471237,0.905577735409199,285,261,,,,,,,,,,,,
271,0,271,106261,4471221,1.499717994839287,286,287,,,,,,,,,,,,
272,0,272,106262,4471221,0.999631588547251,287,288,,,,,,,,,,,,
273,0,273,106263,4471221,1.000282495720566,288,289,,,,,,,,,,,,
274,0,274,106264,4471221,0.999932994515280,289,290,,,,,,,,,,,,
275,0,275,106265,4471221,0.557713871971251,290,291,,,,,,,,,,,,
276,1,276,106273,4471211,0.688867716320774,292,293,Fish Haven -1,Diversion,Fish Haven Creek,Trout Unlimited (TU),TU_DIV_FH-01,42.036247000000003,-111.404307000000003,No,2008,NA,1.000000000000000,1.000000000000000
277,1,277,106273,4471211,1.034066541027963,293,294,Highway 89,Culvert,Fish Haven Creek,Trout Unlimited (TU),TU_CUL_FH-02,42.035010000000000,-111.396151000000003,yes,2014,NA,0.950000000000000,1.000000000000000
278,1,278,106273,4471211,0.134599534807576,294,295,Mouth,Culvert,Fish Haven Creek,Trout Unlimited (TU),TU_CUL_FH-01,42.034737999999997,-111.395160000000004,yes,2009,NA,0.035000000000000,1.000000000000000
279,0,279,106273,4471211,0.131443867821003,295,296,,,,,,,,,,,,
280,0,280,106274,4471233,1.499828046624305,297,298,,,,,,,,,,,,
281,0,281,106275,4471233,0.763253173996186,298,263,,,,,,,,,,,,
282,0,282,106284,4471231,1.499288587151666,299,300,,,,,,,,,,,,
283,0,283,106285,4471231,0.999533416365741,300,301,,,,,,,,,,,,
284,0,284,106286,4471231,1.000009586936925,301,302,,,,,,,,,,,,
285,0,285,106287,4471231,1.000352366540305,302,303,,,,,,,,,,,,
286,0,286,106288,4471231,0.999866351615820,303,304,,,,,,,,,,,,
287,0,287,106289,4471231,0.970785310832924,304,262,,,,,,,,,,,,
288,1,288,106292,4471207,1.543478927548319,278,305,Fish Haven -2,Diversion,Fish Haven Creek,Trout Unlimited (TU),TU_DIV_FH-03,42.036476000000000,-111.410741000000002,Yes,2008,NA,1.000000000000000,1.000000000000000
289,0,289,106292,4471207,0.050297790288608,305,292,,,,,,,,,,,,
290,0,290,106302,4471213,1.499445123531962,306,307,,,,,,,,,,,,
291,0,291,106303,4471213,0.999686123085830,307,308,,,,,,,,,,,,
292,0,292,106304,4471213,0.999925387805856,308,309,,,,,,,,,,,,
293,0,293,106305,4472213,0.595154720186034,309,310,,,,,,,,,,,,
294,0,294,106377,4471241,1.500712304473295,311,312,,,,,,,,,,,,
295,0,295,106378,4471241,1.389497443891132,312,261,,,,,,,,,,,,
296,0,296,106381,4471195,1.499292558829043,313,314,,,,,,,,,,,,
297,0,297,106382,4472211,0.999464410484310,314,315,,,,,,,,,,,,
298,0,298,106383,4472211,1.200900968920382,315,316,,,,,,,,,,,,
299,0,299,106407,4471197,1.499558746824746,291,317,,,,,,,,,,,,
300,1,300,106408,4471197,0.625332293371844,317,318,Upper North,Diversion,Fish Haven Creek,Trout Unlimited (TU),TU_DIV_FH-05,42.041127000000003,-111.433203000000006,Yes,2008,NA,1.000000000000000,1.000000000000000
301,1,301,106408,4471197,0.363532061477809,318,319,Upper South,Diversion,Fish Haven Creek,Trout Unlimited (TU),TU_DIV_FH-04,42.040250999999998,-111.429603000000000,Yes,2008,NA,1.000000000000000,1.000000000000000
302,0,302,106408,4471197,0.114950938405374,319,278,,,,,,,,,,,,
303,0,303,106410,4471247,1.499928706664505,320,321,,,,,,,,,,,,
304,0,304,106411,4471247,1.000262645493633,321,322,,,,,,,,,,,,
305,0,305,106412,4471247,1.000501022404610,322,323,,,,,,,,,,,,
306,0,306,106413,4471247,0.963949971377960,323,253,,,,,,,,,,,,
307,0,307,106436,4471183,1.499479429730934,324,325,,,,,,,,,,,,
308,0,308,106437,4471183,0.863250002132265,325,326,,,,,,,,,,,,
309,0,309,106452,4471185,0.709588250061893,327,291,,,,,,,,,,,,
310,0,310,106467,4471189,1.499299941055098,328,329,,,,,,,,,,,,
311,0,311,106468,4471189,1.000369305981845,329,330,,,,,,,,,,,,
312,0,312,106469,4471189,0.999392673371977,330,331,,,,,,,,,,,,
313,0,313,106470,4471205,1.000192401783732,331,332,,,,,,,,,,,,
314,1,314,106471,4471205,0.414492458554258,332,333,Fish Haven -3,Diversion,Fish Haven Creek,Trout Unlimited (TU),TU_DIV_FH-02,42.036574000000002,-111.408100000000005,No,2008,NA,1.000000000000000,1.000000000000000
315,0,315,106471,4471205,0.183800328909634,333,292,,,,,,,,,,,,
316,0,316,106472,4471187,1.499279292142732,334,335,,,,,,,,,,,,
317,0,317,106473,4471187,1.000264533697425,335,336,,,,,,,,,,,,
318,0,318,106474,4471187,0.602978666579088,336,337,,,,,,,,,,,,
319,0,319,106487,4471175,1.499099197737781,338,339,,,,,,,,,,,,
320,0,320,106488,4471175,0.574774779409890,339,340,,,,,,,,,,,,
321,0,321,106509,4471181,1.824076965406060,326,327,,,,,,,,,,,,
322,0,322,106517,4472207,1.499257564783633,341,342,,,,,,,,,,,,
323,0,323,106518,4472207,0.945426508097279,342,343,,,,,,,,,,,,
324,0,324,106519,4471173,1.499284058680741,340,344,,,,,,,,,,,,
325,0,325,106520,4471173,0.999438783619955,344,345,,,,,,,,,,,,
326,0,326,106521,4471163,1.221480668426763,345,346,,,,,,,,,,,,
327,0,327,106542,4472209,1.499285699943115,337,347,,,,,,,,,,,,
328,0,328,106543,4472209,0.548281752538298,347,348,,,,,,,,,,,,
329,0,329,106544,4471167,0.315190467865061,349,340,,,,,,,,,,,,
330,0,330,106557,4471153,0.895306785116163,343,326,,,,,,,,,,,,
331,0,331,106581,4472201,1.499923078957826,350,351,,,,,,,,,,,,
332,0,332,106582,4472201,0.999712109483945,351,352,,,,,,,,,,,,
333,0,333,106583,4472201,0.999660889341423,352,353,,,,,,,,,,,,
334,0,334,106584,4472201,0.999637258629564,353,354,,,,,,,,,,,,
335,0,335,106585,4472201,0.999474127506056,354,355,,,,,,,,,,,,
336,0,336,106586,4472201,0.999743126722712,355,356,,,,,,,,,,,,
337,0,337,106587,4472201,0.999960307284145,356,357,,,,,,,,,,,,
338,0,338,106588,4471101,1.000108937381315,357,358,,,,,,,,,,,,
339,0,339,106589,4471101,0.999637734087471,358,359,,,,,,,,,,,,
340,0,340,106590,4471101,0.999574690401918,359,360,,,,,,,,,,,,
341,0,341,106591,4471101,1.462648962373861,360,361,,,,,,,,,,,,
342,0,342,106595,4471159,1.499755882253887,362,363,,,,,,,,,,,,
343,0,343,106596,4471155,1.481296354922739,363,349,,,,,,,,,,,,
344,0,344,106598,4472203,1.499200066512473,364,365,,,,,,,,,,,,
345,0,345,106599,4472203,0.683010239025535,365,343,,,,,,,,,,,,
346,0,346,106607,4471179,1.499945555226599,366,367,,,,,,,,,,,,
347,0,347,106608,4471179,1.422380953892358,367,327,,,,,,,,,,,,
348,0,348,106615,4471169,1.499932661053748,368,369,,,,,,,,,,,,
349,0,349,106616,4471177,0.802831106622013,369,337,,,,,,,,,,,,
350,0,350,106621,4471139,1.946647935704700,370,371,,,,,,,,,,,,
351,0,351,106648,4471151,1.499394463519660,372,373,,,,,,,,,,,,
352,0,352,106649,4471151,0.999724539255292,373,374,,,,,,,,,,,,
353,0,353,106650,4471151,0.999432936089111,374,375,,,,,,,,,,,,
354,0,354,106651,4471151,1.263402756955190,375,349,,,,,,,,,,,,
355,0,355,106698,4471129,1.499185288083695,376,377,,,,,,,,,,,,
356,0,356,106699,4471129,0.999491411806104,377,378,,,,,,,,,,,,
357,0,357,106700,4471125,0.846461978172456,378,371,,,,,,,,,,,,
358,0,358,106707,4472205,1.499766511056464,379,380,,,,,,,,,,,,
359,0,359,106708,4472205,0.999821339000601,380,381,,,,,,,,,,,,
360,0,360,106709,4472205,1.265846066596787,381,382,,,,,,,,,,,,
361,0,361,106752,4471113,0.230199520991754,371,383,,,,,,,,,,,,
362,0,362,106758,4471109,1.500244116266831,384,385,,,,,,,,,,,,
363,0,363,106759,4471109,1.160785537381964,385,386,,,,,,,,,,,,
364,0,364,106760,4472197,1.499225924374291,383,387,,,,,,,,,,,,
365,0,365,106761,4472197,0.999750837085017,387,388,,,,,,,,,,,,
366,0,366,106762,4472197,0.501050411440485,388,389,,,,,,,,,,,,
367,0,367,106793,4472199,1.104488001284544,390,391,,,,,,,,,,,,
368,0,368,106813,4471099,0.434263311326965,389,392,,,,,,,,,,,,
369,0,369,106828,4472195,1.499403444030307,393,394,,,,,,,,,,,,
370,0,370,106829,4472195,1.026676400115082,394,389,,,,,,,,,,,,
371,0,371,106834,4471097,1.499562466893305,392,395,,,,,,,,,,,,
372,0,372,106835,4471097,0.999714400530389,395,396,,,,,,,,,,,,
373,0,373,106836,4471097,0.999710545057016,396,397,,,,,,,,,,,,
374,0,374,106837,4471081,0.999494382199441,397,398,,,,,,,,,,,,
375,1,375,106838,4471081,0.612547526402462,398,399,Upper South,Diversion,St. Charles Creek,Trout Unlimited (TU),TU_DIV_SC-07,42.115105000000000,-111.440657000000002,No,NA,NA,1.000000000000000,1.000000000000000
376,0,376,106838,4471081,0.387150182470776,399,400,,,,,,,,,,,,
377,0,377,106839,4471063,0.999662903713990,400,401,,,,,,,,,,,,
378,1,378,106840,4471063,0.619344910587720,401,402,Lower South,Diversion,St. Charles Creek,Trout Unlimited (TU),TU_DIV_SC-06(2),42.120866999999997,-111.418644000000000,Yes,2022,NA,0.950000000000000,0.950000000000000
379,1,379,106840,4471063,0.333783794647835,402,403,Northfield,Diversion,St. Charles Creek,Trout Unlimited (TU),TU_DIV_SC-06,42.121327000000001,-111.414643999999996,No,NA,NA,1.000000000000000,1.000000000000000
380,0,380,106840,4471063,0.488047627318773,403,361,,,,,,,,,,,,
381,0,381,106856,4471111,1.499919975345742,404,405,,,,,,,,,,,,
382,0,382,106857,4471111,0.916521022450038,405,383,,,,,,,,,,,,
383,0,383,106867,4471095,1.678361736049857,386,404,,,,,,,,,,,,
384,0,384,106948,4471079,1.499499530728389,406,407,,,,,,,,,,,,
385,0,385,106949,4471075,0.999487310149790,407,408,,,,,,,,,,,,
386,0,386,106950,4472193,0.999649280312599,408,409,,,,,,,,,,,,
387,0,387,106951,4472193,0.615928686380768,409,392,,,,,,,,,,,,
388,0,388,106956,4471067,1.499769828965613,410,411,,,,,,,,,,,,
389,0,389,106957,4471089,0.813849378409013,411,386,,,,,,,,,,,,
390,0,390,106970,4471117,1.500760717029156,412,413,,,,,,,,,,,,
391,0,391,106971,4471117,0.999862309746514,413,414,,,,,,,,,,,,
392,0,392,106972,4471117,1.123356640364231,414,390,,,,,,,,,,,,
393,0,393,106990,4471065,1.499462129853854,415,416,,,,,,,,,,,,
394,0,394,106991,4471065,0.587144680803655,416,417,,,,,,,,,,,,
395,0,395,106999,4471093,1.500022255224513,418,419,,,,,,,,,,,,
396,0,396,107000,4471093,0.995900134333783,419,404,,,,,,,,,,,,
397,0,397,107008,4472467,0.331528104984409,361,420,,,,,,,,,,,,
398,0,398,107010,4471039,1.939137341122255,417,421,,,,,,,,,,,,
399,0,399,107012,4471077,1.499570503309576,420,422,,,,,,,,,,,,
400,0,400,107051,4472191,1.499721440675258,423,424,,,,,,,,,,,,
401,0,401,107052,4472191,0.999617538068240,424,425,,,,,,,,,,,,
402,0,402,107053,4472191,0.999614778333226,425,426,,,,,,,,,,,,
403,0,403,107054,4472191,0.999452739534565,426,427,,,,,,,,,,,,
404,0,404,107055,4472191,0.999783067432084,427,428,,,,,,,,,,,,
405,0,405,107056,4472191,1.006021115619564,428,429,,,,,,,,,,,,
406,0,406,107057,4471037,1.306384636511060,430,429,,,,,,,,,,,,
407,0,407,107061,4472187,1.499562533607235,431,432,,,,,,,,,,,,
408,0,408,107062,4472187,1.169467438388131,432,430,,,,,,,,,,,,
409,0,409,107066,4471057,1.499495691615695,429,433,,,,,,,,,,,,
410,0,410,107067,4471057,1.227110521366062,433,417,,,,,,,,,,,,
411,0,411,107087,4471035,1.499191725402442,421,434,,,,,,,,,,,,
412,0,412,107088,4476849,0.999752317620120,434,435,,,,,,,,,,,,
413,0,413,107089,4476847,0.753440166872847,435,420,,,,,,,,,,,,
414,0,414,107091,4471031,1.499648271461976,436,437,,,,,,,,,,,,
415,0,415,107092,4471031,0.999596458452073,437,438,,,,,,,,,,,,
416,0,416,107093,4472185,0.797727070165800,438,430,,,,,,,,,,,,
417,0,417,107111,4471049,1.609972797315401,439,418,,,,,,,,,,,,
418,0,418,107126,4471051,1.910355961621017,440,418,,,,,,,,,,,,
419,0,419,107168,4471033,1.499291925556048,441,442,,,,,,,,,,,,
420,0,420,107169,4471033,0.996642056729808,442,421,,,,,,,,,,,,
421,0,421,107187,4471115,1.500860118087213,443,444,,,,,,,,,,,,
422,0,422,107188,4471115,1.000527682860076,444,445,,,,,,,,,,,,
423,0,423,107189,4471115,1.000493280966675,445,446,,,,,,,,,,,,
424,0,424,107190,4471115,1.047352943301538,446,390,,,,,,,,,,,,
425,0,425,111134,4474473,0.263180312496675,9,14,,,,,,,,,,,,
426,1,426,111145,4474471,0.507095563258732,25,447,Estimated dam,Dam,,National Aquatic Barrier Dataset (SARP),UT86058,41.778168000000001,-111.421880000000002,no,0,Unknown,0.000000000000000,0.000000000000000
427,0,427,111145,4474471,0.015025093866097,447,32,,,,,,,,,,,,
428,0,428,111166,4474469,0.483032784147877,47,53,,,,,,,,,,,,
429,0,429,111170,4474467,3.480091094260331,55,448,,,,,,,,,,,,
430,0,430,111172,4474465,3.539151753729593,66,448,,,,,,,,,,,,
431,1,431,111173,4474459,0.157464583282450,93,77,Estimated dam,Dam,,National Aquatic Barrier Dataset (SARP),UT86180,41.873320000000000,-111.422839999999994,no,0,Unknown,0.000000000000000,0.000000000000000
432,0,432,111174,4474461,7.830632373404621,448,449,,,,,,,,,,,,
433,0,433,111175,4474457,8.963179437177283,96,449,,,,,,,,,,,,
434,0,434,111184,4474451,9.711167906308811,143,450,,,,,,,,,,,,
435,0,435,111189,4474453,6.176433619647082,449,451,,,,,,,,,,,,
436,0,436,111190,4474449,7.202454697677886,199,451,,,,,,,,,,,,
437,0,437,111192,4474439,9.177780634309538,213,452,,,,,,,,,,,,
438,1,438,111193,4474443,0.265245572998343,214,222,North Eden irrigation pipe,Diversion,North Eden Creek,Trout Unlimited (TU),TU_DIV_NE-01,41.986776999999996,-111.245935000000003,No,NA,NA,0.000000000000000,0.000000000000000
439,0,439,111194,4472411,8.351631349605519,221,453,,,,,,,,,,,,
440,0,440,111195,4474437,0.118543480609525,451,450,,,,,,,,,,,,
441,0,441,111196,4472409,4.004619478406182,450,452,,,,,,,,,,,,
442,1,442,111197,4472469,0.165513566059631,246,454,Estimated dam,Dam,,National Aquatic Barrier Dataset (SARP),ID436,42.006300000000003,-111.198493999999997,no,0,Unknown,0.000000000000000,0.000000000000000
443,0,443,111197,4472469,0.019325653203771,454,241,,,,,,,,,,,,
444,0,444,111198,4472405,6.951129467769974,275,455,,,,,,,,,,,,
445,0,445,111199,4472401,1.800498776604596,452,453,,,,,,,,,,,,
446,0,446,111205,4472403,5.609160727959030,310,455,,,,,,,,,,,,
447,0,447,111206,4472393,9.161696919634872,296,456,,,,,,,,,,,,
448,0,448,111207,4472397,4.301346605414280,453,457,,,,,,,,,,,,
449,0,449,111208,4472399,6.237313963659777,316,458,,,,,,,,,,,,
450,0,450,111209,4472395,6.377763797725680,348,459,,,,,,,,,,,,
451,0,451,111210,4472389,1.566368236817260,455,458,,,,,,,,,,,,
452,0,452,111211,4472383,6.615538134078159,346,460,,,,,,,,,,,,
453,0,453,111212,4472387,7.777524368539611,382,461,,,,,,,,,,,,
454,0,454,111213,4472379,0.945735369967627,458,459,,,,,,,,,,,,
455,0,455,111214,4472377,0.483207249306773,459,457,,,,,,,,,,,,
456,0,456,111215,4472375,1.475467250431220,457,456,,,,,,,,,,,,
457,0,457,111217,4472371,0.097357694973592,456,461,,,,,,,,,,,,
458,0,458,111219,4472369,0.674765529130582,461,460,,,,,,,,,,,,
459,0,459,111220,4472373,7.367561624898817,391,462,,,,,,,,,,,,
460,0,460,111221,4472367,0.681500491855406,460,462,,,,,,,,,,,,
461,0,461,111225,4472365,1.349530372360325,462,463,,,,,,,,,,,,
462,0,462,111233,4472363,1.917033696899767,464,463,,,,,,,,,,,,
463,0,463,111235,4472441,1.055077903763571,463,465,,,,,,,,,,,,
464,1,464,107013,4471077,0.503573567698365,422,466,"Transtrum, Dell",Diversion,St. Charles Creek,Trout Unlimited (TU),TU_DIV_SC-05,42.119148000000003,-111.385017000000005,No,NA,NA,1.000000000000000,1.000000000000000
465,0,465,107013,4471077,0.496215083047727,466,467,,,,,,,,,,,,
466,0,466,107014,4471077,0.999951912644128,467,468,,,,,,,,,,,,
467,1,467,107015,4471077,0.786156243649902,468,469,"Transtrum, Todd",Diversion,St. Charles Creek,Trout Unlimited (TU),TU_DIV_SC-04,42.115619000000002,-111.369371000000001,Yes,NA,NA,0.800000000000000,0.800000000000000
468,0,468,107015,4471077,0.213916119500341,469,470,,,,,,,,,,,,
469,0,469,107016,4471077,0.502812462026264,470,464,,,,,,,,,,,,
